XX:MaxNewSize,Xms,Xmx,protocol,maxHttpHeaderSize,maxThreads,minSpareThreads,maxSpareThreads,minProcessors,acceptCount,enableLookups,connectionTimeout,disableUploadTimeout,compressionMinSize,Throughput
128,128,256,org.apache.coyote.http11.Http11Protocol,4096,200,100,500,10,50,FALSE,20000,TRUE,1024,2601.344028
128,128,256,org.apache.coyote.http11.Http11Protocol,4096,200,25,500,10,200,TRUE,30000,FALSE,1024,2958.959235
256,256,512,org.apache.coyote.http11.Http11NioProtocol,4096,500,100,250,100,100,FALSE,10000,TRUE,1024,2982.225933
128,128,256,org.apache.coyote.http11.Http11NioProtocol,4096,200,25,250,100,200,FALSE,10000,FALSE,2048,3209.517289
64,128,256,org.apache.coyote.http11.Http11Protocol,4096,200,25,250,50,50,TRUE,30000,TRUE,1024,3264.844158
128,128,256,org.apache.coyote.http11.Http11NioProtocol,16384,200,100,250,10,100,FALSE,20000,TRUE,1024,3309.468389
64,64,128,org.apache.coyote.http11.Http11NioProtocol,4096,200,25,250,10,200,FALSE,10000,TRUE,1024,3381.31037
256,256,512,org.apache.coyote.http11.Http11NioProtocol,4096,200,50,75,100,100,TRUE,10000,FALSE,1024,3391.363328
64,64,128,org.apache.coyote.http11.Http11AprProtocol,4096,1000,100,250,10,200,FALSE,10000,TRUE,2048,3441.393076
256,256,512,org.apache.coyote.http11.Http11NioProtocol,16384,200,50,75,50,100,FALSE,30000,TRUE,2048,3472.58395
64,128,512,org.apache.coyote.http11.Http11AprProtocol,16384,200,100,500,50,100,TRUE,10000,TRUE,1024,3475.118154
64,64,128,org.apache.coyote.http11.Http11AprProtocol,8192,200,50,75,10,200,TRUE,30000,TRUE,1024,3508.361595
64,128,256,org.apache.coyote.http11.Http11NioProtocol,16384,200,50,75,10,200,TRUE,10000,FALSE,2048,3518.071159
128,128,256,org.apache.coyote.http11.Http11AprProtocol,8192,200,50,75,50,200,TRUE,30000,FALSE,1024,3521.374745
256,128,512,org.apache.coyote.http11.Http11NioProtocol,16384,500,100,250,100,200,FALSE,10000,TRUE,1024,3550.001775
128,128,256,org.apache.coyote.http11.Http11AprProtocol,8192,200,25,250,100,200,TRUE,20000,TRUE,2048,3552.355804
256,256,512,org.apache.coyote.http11.Http11NioProtocol,8192,500,50,75,50,200,TRUE,30000,TRUE,2048,3556.946717
64,64,128,org.apache.coyote.http11.Http11Protocol,16384,1000,50,75,50,200,TRUE,10000,TRUE,1024,3611.499013
64,64,128,org.apache.coyote.http11.Http11AprProtocol,16384,200,100,250,10,200,FALSE,30000,FALSE,2048,3764.398826
256,128,512,org.apache.coyote.http11.Http11AprProtocol,8192,500,25,500,50,200,FALSE,30000,TRUE,2048,3811.798788
128,128,512,org.apache.coyote.http11.Http11NioProtocol,16384,500,50,75,50,100,TRUE,10000,TRUE,2048,3831.319762
64,64,128,org.apache.coyote.http11.Http11Protocol,16384,1000,100,250,50,50,TRUE,20000,TRUE,2048,3831.466558
128,128,256,org.apache.coyote.http11.Http11NioProtocol,8192,200,100,500,10,50,FALSE,30000,TRUE,1024,3881.485315
256,128,512,org.apache.coyote.http11.Http11NioProtocol,16384,200,50,75,100,200,FALSE,20000,TRUE,1024,3911.138924
128,128,256,org.apache.coyote.http11.Http11NioProtocol,8192,500,25,500,50,200,FALSE,30000,TRUE,2048,3914.660403
64,64,128,org.apache.coyote.http11.Http11NioProtocol,4096,1000,25,500,50,200,TRUE,20000,TRUE,1024,3926.59878
64,64,128,org.apache.coyote.http11.Http11NioProtocol,8192,1000,100,500,50,50,TRUE,30000,FALSE,1024,3958.932672
128,128,256,org.apache.coyote.http11.Http11NioProtocol,4096,1000,25,500,50,100,FALSE,30000,FALSE,1024,4091.764642
64,128,256,org.apache.coyote.http11.Http11AprProtocol,4096,200,100,500,10,50,TRUE,20000,TRUE,1024,4151.272365
64,128,256,org.apache.coyote.http11.Http11NioProtocol,8192,500,25,500,100,100,TRUE,10000,FALSE,1024,4157.946529
128,128,256,org.apache.coyote.http11.Http11NioProtocol,16384,500,100,250,50,100,FALSE,30000,FALSE,2048,4176.004677
64,64,128,org.apache.coyote.http11.Http11Protocol,8192,200,100,500,10,50,TRUE,30000,FALSE,1024,4195.393458
64,64,128,org.apache.coyote.http11.Http11AprProtocol,4096,500,50,75,10,200,TRUE,30000,TRUE,1024,4197.271773
256,128,512,org.apache.coyote.http11.Http11AprProtocol,8192,1000,100,500,50,50,FALSE,30000,TRUE,1024,4270.037149
64,64,128,org.apache.coyote.http11.Http11Protocol,16384,1000,50,75,100,100,FALSE,10000,TRUE,2048,4299.534217
256,256,512,org.apache.coyote.http11.Http11NioProtocol,16384,1000,100,500,100,100,TRUE,10000,FALSE,1024,4315.553254
64,64,128,org.apache.coyote.http11.Http11NioProtocol,16384,500,25,500,10,200,TRUE,10000,TRUE,1024,4344.86654
64,64,128,org.apache.coyote.http11.Http11Protocol,16384,200,50,75,10,50,TRUE,10000,TRUE,1024,4385.003289
64,64,128,org.apache.coyote.http11.Http11Protocol,16384,200,25,250,50,50,FALSE,30000,TRUE,2048,4422.495762
64,64,128,org.apache.coyote.http11.Http11Protocol,8192,500,100,500,100,50,TRUE,10000,TRUE,2048,4441.023212
64,64,128,org.apache.coyote.http11.Http11Protocol,8192,200,50,75,100,50,TRUE,10000,TRUE,2048,4446.750167
64,64,256,org.apache.coyote.http11.Http11AprProtocol,4096,200,25,250,10,200,TRUE,20000,FALSE,2048,4457.652303
64,64,128,org.apache.coyote.http11.Http11Protocol,4096,1000,50,75,50,50,TRUE,10000,TRUE,2048,4473.939304
128,128,256,org.apache.coyote.http11.Http11Protocol,4096,200,50,75,50,50,FALSE,30000,TRUE,2048,4485.914229
64,128,512,org.apache.coyote.http11.Http11Protocol,16384,200,50,75,50,50,FALSE,30000,TRUE,1024,4486.786414
64,64,128,org.apache.coyote.http11.Http11Protocol,16384,200,50,75,100,100,TRUE,20000,FALSE,2048,4503.76064
128,128,512,org.apache.coyote.http11.Http11AprProtocol,8192,500,50,75,10,50,TRUE,10000,FALSE,2048,4508.769557
128,128,256,org.apache.coyote.http11.Http11AprProtocol,8192,200,50,75,50,50,FALSE,30000,FALSE,1024,4511.413877
128,128,256,org.apache.coyote.http11.Http11Protocol,4096,1000,25,500,100,50,TRUE,20000,FALSE,1024,4520.931915
64,64,128,org.apache.coyote.http11.Http11Protocol,16384,500,50,75,10,50,TRUE,10000,FALSE,1024,4526.798648
256,256,512,org.apache.coyote.http11.Http11Protocol,4096,500,100,500,100,100,TRUE,30000,FALSE,1024,4528.37024
64,64,128,org.apache.coyote.http11.Http11Protocol,4096,500,50,75,10,50,TRUE,20000,TRUE,1024,4536.656182
256,256,512,org.apache.coyote.http11.Http11Protocol,16384,200,100,250,50,50,FALSE,30000,FALSE,1024,4536.724787
128,128,256,org.apache.coyote.http11.Http11NioProtocol,4096,200,50,75,50,200,TRUE,30000,FALSE,2048,4538.852578
64,256,512,org.apache.coyote.http11.Http11Protocol,8192,200,50,75,10,50,FALSE,10000,FALSE,1024,4548.900682
64,64,128,org.apache.coyote.http11.Http11Protocol,8192,500,50,75,100,50,FALSE,30000,FALSE,1024,4549.590537
64,128,256,org.apache.coyote.http11.Http11Protocol,16384,200,50,75,50,50,FALSE,30000,FALSE,1024,4572.334329
128,256,512,org.apache.coyote.http11.Http11Protocol,16384,500,50,75,50,50,TRUE,20000,FALSE,1024,4596.785315
128,256,512,org.apache.coyote.http11.Http11AprProtocol,4096,1000,25,500,50,200,TRUE,10000,TRUE,2048,4610.206998
128,128,256,org.apache.coyote.http11.Http11Protocol,16384,200,25,500,10,100,TRUE,20000,TRUE,1024,4612.829817
128,128,256,org.apache.coyote.http11.Http11Protocol,4096,500,100,500,10,50,FALSE,30000,FALSE,1024,4618.937644
64,64,128,org.apache.coyote.http11.Http11Protocol,8192,200,50,250,10,50,TRUE,20000,FALSE,1024,4620.431548
64,64,128,org.apache.coyote.http11.Http11NioProtocol,16384,1000,25,500,100,100,FALSE,10000,TRUE,2048,4662.511851
64,64,128,org.apache.coyote.http11.Http11Protocol,16384,500,50,75,100,50,FALSE,20000,TRUE,1024,4675.664724
128,128,256,org.apache.coyote.http11.Http11AprProtocol,16384,1000,50,75,50,200,TRUE,20000,TRUE,2048,4678.216664
128,64,256,org.apache.coyote.http11.Http11NioProtocol,4096,500,50,75,10,200,FALSE,20000,FALSE,1024,4706.84218
64,64,128,org.apache.coyote.http11.Http11NioProtocol,16384,500,25,250,100,50,FALSE,30000,FALSE,1024,4820.825968
64,64,128,org.apache.coyote.http11.Http11NioProtocol,4096,500,25,500,50,100,FALSE,20000,FALSE,1024,4846.83986
64,64,128,org.apache.coyote.http11.Http11Protocol,16384,1000,100,250,100,100,FALSE,30000,TRUE,1024,4886.311812
64,64,128,org.apache.coyote.http11.Http11AprProtocol,16384,200,25,250,50,100,TRUE,30000,FALSE,1024,4915.615271
64,64,128,org.apache.coyote.http11.Http11Protocol,8192,1000,25,250,10,200,FALSE,10000,FALSE,2048,4949.43329
64,64,128,org.apache.coyote.http11.Http11Protocol,4096,500,100,250,10,200,FALSE,20000,TRUE,2048,4962.614967
64,128,256,org.apache.coyote.http11.Http11NioProtocol,8192,1000,25,500,10,200,FALSE,20000,TRUE,2048,4993.092888
64,64,128,org.apache.coyote.http11.Http11AprProtocol,4096,1000,100,250,100,100,TRUE,20000,FALSE,2048,5004.337092
256,256,512,org.apache.coyote.http11.Http11AprProtocol,8192,200,50,75,50,100,TRUE,30000,FALSE,2048,5020.584396
64,64,128,org.apache.coyote.http11.Http11NioProtocol,16384,500,25,500,50,200,TRUE,20000,TRUE,1024,5044.560282
64,64,128,org.apache.coyote.http11.Http11Protocol,16384,500,50,75,100,100,FALSE,10000,FALSE,1024,5098.48575
64,64,128,org.apache.coyote.http11.Http11NioProtocol,4096,500,25,500,100,200,FALSE,10000,FALSE,2048,5130.13441
64,64,128,org.apache.coyote.http11.Http11NioProtocol,16384,1000,100,250,10,200,TRUE,30000,TRUE,1024,5140.859552
64,64,128,org.apache.coyote.http11.Http11Protocol,8192,500,50,75,50,100,FALSE,10000,TRUE,2048,5169.917971
64,64,128,org.apache.coyote.http11.Http11Protocol,16384,200,100,250,100,100,FALSE,30000,TRUE,1024,5174.554988
128,128,256,org.apache.coyote.http11.Http11AprProtocol,16384,500,100,250,50,50,FALSE,30000,TRUE,2048,5198.315746
64,64,128,org.apache.coyote.http11.Http11NioProtocol,16384,1000,50,75,100,100,FALSE,20000,FALSE,1024,5215.849227
64,64,128,org.apache.coyote.http11.Http11NioProtocol,4096,200,50,75,10,50,TRUE,20000,FALSE,2048,5253.388436
64,64,128,org.apache.coyote.http11.Http11NioProtocol,4096,500,50,75,10,200,TRUE,10000,TRUE,2048,5256.241787
64,64,128,org.apache.coyote.http11.Http11Protocol,8192,500,25,500,50,200,FALSE,20000,TRUE,1024,5275.467318
64,64,128,org.apache.coyote.http11.Http11Protocol,8192,1000,25,250,100,100,FALSE,20000,FALSE,2048,5283.271402
128,256,512,org.apache.coyote.http11.Http11AprProtocol,16384,500,100,250,50,50,TRUE,20000,FALSE,2048,5307.573908
64,64,128,org.apache.coyote.http11.Http11Protocol,8192,200,100,250,10,200,TRUE,30000,FALSE,2048,5308.700961
256,128,512,org.apache.coyote.http11.Http11AprProtocol,16384,200,50,75,10,100,FALSE,20000,FALSE,1024,5310.580446
64,64,128,org.apache.coyote.http11.Http11AprProtocol,8192,500,50,75,10,100,TRUE,20000,FALSE,1024,5318.111716
256,128,512,org.apache.coyote.http11.Http11NioProtocol,4096,200,25,500,10,50,FALSE,30000,TRUE,1024,5321.885367
128,128,256,org.apache.coyote.http11.Http11NioProtocol,4096,1000,50,75,50,200,FALSE,10000,FALSE,2048,5326.704545
64,64,128,org.apache.coyote.http11.Http11AprProtocol,16384,200,25,500,100,200,TRUE,30000,TRUE,1024,5332.669712
128,128,256,org.apache.coyote.http11.Http11NioProtocol,4096,500,50,500,10,100,FALSE,20000,TRUE,2048,5347.498262
64,64,128,org.apache.coyote.http11.Http11Protocol,8192,200,25,500,100,100,FALSE,10000,TRUE,1024,5347.784235
64,64,128,org.apache.coyote.http11.Http11Protocol,4096,500,100,500,50,200,FALSE,10000,FALSE,1024,5353.319058
256,256,512,org.apache.coyote.http11.Http11AprProtocol,4096,200,100,250,100,100,TRUE,10000,TRUE,1024,5360.205832
64,64,128,org.apache.coyote.http11.Http11AprProtocol,16384,500,100,500,100,200,TRUE,20000,FALSE,2048,5365.574474
64,64,128,org.apache.coyote.http11.Http11AprProtocol,4096,1000,100,250,10,200,TRUE,10000,FALSE,1024,5369.319707
64,64,128,org.apache.coyote.http11.Http11Protocol,8192,200,25,500,50,100,FALSE,10000,TRUE,1024,5376.440438
64,64,128,org.apache.coyote.http11.Http11AprProtocol,16384,1000,100,500,100,50,TRUE,10000,FALSE,1024,5384.063173
128,128,256,org.apache.coyote.http11.Http11AprProtocol,8192,200,100,250,10,50,FALSE,30000,FALSE,1024,5394.907208
128,256,512,org.apache.coyote.http11.Http11AprProtocol,8192,1000,50,250,50,100,TRUE,10000,TRUE,2048,5413.501272
64,64,128,org.apache.coyote.http11.Http11NioProtocol,8192,500,50,75,10,50,FALSE,30000,FALSE,2048,5427.702996
256,128,512,org.apache.coyote.http11.Http11NioProtocol,4096,1000,50,75,50,50,TRUE,20000,FALSE,1024,5515.010019
64,64,128,org.apache.coyote.http11.Http11Protocol,8192,500,50,75,100,200,FALSE,30000,FALSE,2048,5528.629084
256,256,512,org.apache.coyote.http11.Http11Protocol,4096,200,100,250,50,100,TRUE,10000,FALSE,2048,5528.832863
64,64,128,org.apache.coyote.http11.Http11NioProtocol,16384,1000,50,75,10,100,FALSE,20000,FALSE,2048,5550.62167
64,64,128,org.apache.coyote.http11.Http11NioProtocol,16384,1000,100,500,10,50,FALSE,20000,TRUE,2048,5555.761324
256,128,512,org.apache.coyote.http11.Http11NioProtocol,8192,500,50,75,100,200,TRUE,20000,FALSE,1024,5583.369005
64,64,128,org.apache.coyote.http11.Http11AprProtocol,4096,1000,25,500,10,100,TRUE,30000,FALSE,2048,5584.720206
128,128,256,org.apache.coyote.http11.Http11Protocol,8192,200,50,75,10,100,FALSE,10000,FALSE,2048,5587.216449
64,256,512,org.apache.coyote.http11.Http11AprProtocol,16384,200,100,250,50,200,TRUE,30000,FALSE,2048,5587.320507
64,64,128,org.apache.coyote.http11.Http11NioProtocol,16384,1000,100,500,10,100,FALSE,20000,FALSE,1024,5606.53348
64,128,256,org.apache.coyote.http11.Http11Protocol,8192,200,50,250,100,100,TRUE,30000,FALSE,1024,5635.601976
64,64,128,org.apache.coyote.http11.Http11Protocol,16384,1000,25,500,50,200,FALSE,10000,FALSE,2048,5662.621039
64,64,128,org.apache.coyote.http11.Http11NioProtocol,8192,1000,100,250,50,100,TRUE,30000,TRUE,2048,5682.679194
64,128,256,org.apache.coyote.http11.Http11Protocol,16384,200,50,75,100,200,FALSE,20000,FALSE,2048,5691.41166
64,64,128,org.apache.coyote.http11.Http11AprProtocol,8192,1000,25,500,100,200,TRUE,20000,FALSE,1024,5700.279314
128,256,512,org.apache.coyote.http11.Http11AprProtocol,16384,200,50,75,50,50,FALSE,10000,FALSE,1024,5706.351169
64,64,128,org.apache.coyote.http11.Http11AprProtocol,16384,200,100,250,10,50,TRUE,20000,TRUE,1024,5721.369314
128,128,512,org.apache.coyote.http11.Http11AprProtocol,8192,200,25,500,50,50,TRUE,10000,FALSE,1024,5734.931468
64,64,128,org.apache.coyote.http11.Http11NioProtocol,16384,200,50,75,10,50,FALSE,10000,FALSE,2048,5745.035332
256,256,512,org.apache.coyote.http11.Http11Protocol,16384,200,100,250,50,100,TRUE,20000,FALSE,1024,5750.32106
64,64,128,org.apache.coyote.http11.Http11AprProtocol,8192,500,50,75,100,50,FALSE,20000,FALSE,1024,5765.350245
64,128,256,org.apache.coyote.http11.Http11Protocol,16384,200,25,250,50,100,FALSE,20000,FALSE,1024,5778.899312
64,64,128,org.apache.coyote.http11.Http11NioProtocol,8192,500,50,75,10,100,TRUE,30000,TRUE,2048,5796.205418
256,128,512,org.apache.coyote.http11.Http11Protocol,8192,200,50,75,50,200,FALSE,20000,FALSE,1024,5806.863713
128,128,256,org.apache.coyote.http11.Http11Protocol,16384,200,50,75,50,100,FALSE,10000,TRUE,2048,5806.976114
64,64,128,org.apache.coyote.http11.Http11AprProtocol,16384,500,25,500,100,200,TRUE,30000,TRUE,2048,5820.157144
128,128,256,org.apache.coyote.http11.Http11NioProtocol,16384,1000,50,75,100,200,TRUE,20000,TRUE,2048,5822.077317
256,256,512,org.apache.coyote.http11.Http11Protocol,4096,200,25,500,100,100,FALSE,10000,TRUE,2048,5829.883985
64,64,128,org.apache.coyote.http11.Http11NioProtocol,8192,1000,100,250,100,50,TRUE,10000,FALSE,1024,5830.337188
64,64,128,org.apache.coyote.http11.Http11AprProtocol,16384,500,100,250,50,50,TRUE,10000,TRUE,2048,5837.257267
64,64,128,org.apache.coyote.http11.Http11NioProtocol,16384,1000,50,250,100,50,TRUE,20000,TRUE,2048,5838.961443
64,64,128,org.apache.coyote.http11.Http11NioProtocol,4096,200,25,500,50,50,FALSE,20000,TRUE,2048,5854.45817
64,64,128,org.apache.coyote.http11.Http11AprProtocol,16384,1000,100,250,100,100,TRUE,30000,TRUE,2048,5857.773265
64,64,128,org.apache.coyote.http11.Http11NioProtocol,16384,200,100,250,10,50,TRUE,30000,FALSE,1024,5859.031697
256,256,512,org.apache.coyote.http11.Http11NioProtocol,16384,200,25,250,100,50,FALSE,10000,FALSE,1024,5862.351976
128,128,256,org.apache.coyote.http11.Http11Protocol,16384,200,50,75,100,200,TRUE,10000,TRUE,2048,5868.659403
128,128,256,org.apache.coyote.http11.Http11Protocol,4096,200,25,250,10,200,FALSE,30000,TRUE,2048,5875.210528
256,128,512,org.apache.coyote.http11.Http11Protocol,4096,500,50,75,50,100,TRUE,20000,TRUE,2048,5886.970173
256,256,512,org.apache.coyote.http11.Http11Protocol,16384,1000,50,75,10,100,TRUE,30000,TRUE,1024,5895.067793
64,64,128,org.apache.coyote.http11.Http11AprProtocol,4096,1000,25,500,50,50,TRUE,20000,FALSE,1024,5904.465744
256,128,512,org.apache.coyote.http11.Http11AprProtocol,16384,200,100,500,10,200,TRUE,20000,TRUE,1024,5905.27932
128,128,512,org.apache.coyote.http11.Http11AprProtocol,4096,500,50,75,10,50,TRUE,20000,TRUE,1024,5914.709883
64,128,256,org.apache.coyote.http11.Http11NioProtocol,8192,500,100,250,50,50,FALSE,10000,TRUE,1024,5933.192255
128,128,256,org.apache.coyote.http11.Http11Protocol,4096,1000,50,500,10,200,TRUE,10000,TRUE,2048,5942.594537
256,128,512,org.apache.coyote.http11.Http11NioProtocol,4096,500,50,75,100,50,TRUE,20000,TRUE,1024,5948.014355
256,256,512,org.apache.coyote.http11.Http11AprProtocol,16384,500,25,500,50,50,FALSE,10000,TRUE,2048,5948.604061
64,64,128,org.apache.coyote.http11.Http11AprProtocol,8192,200,100,250,50,200,FALSE,20000,TRUE,1024,5972.169689
128,128,256,org.apache.coyote.http11.Http11NioProtocol,4096,200,25,500,10,100,TRUE,30000,FALSE,2048,5973.596703
64,64,128,org.apache.coyote.http11.Http11NioProtocol,8192,200,25,500,10,50,TRUE,10000,TRUE,1024,5979.073244
128,128,256,org.apache.coyote.http11.Http11Protocol,8192,1000,50,75,50,50,FALSE,10000,TRUE,1024,5985.395635
64,64,128,org.apache.coyote.http11.Http11NioProtocol,8192,1000,100,500,10,100,TRUE,30000,FALSE,2048,5991.970759
128,256,512,org.apache.coyote.http11.Http11AprProtocol,8192,500,50,250,100,200,TRUE,20000,FALSE,2048,6003.602161
128,128,512,org.apache.coyote.http11.Http11Protocol,8192,500,100,250,50,50,FALSE,20000,TRUE,1024,6025.548325
64,128,512,org.apache.coyote.http11.Http11NioProtocol,16384,200,25,250,10,100,TRUE,10000,FALSE,1024,6027.364234
64,64,128,org.apache.coyote.http11.Http11Protocol,16384,500,100,500,100,200,FALSE,30000,TRUE,2048,6038.161179
64,64,128,org.apache.coyote.http11.Http11AprProtocol,4096,200,50,250,10,200,FALSE,30000,TRUE,1024,6050.582873
128,128,256,org.apache.coyote.http11.Http11NioProtocol,4096,1000,100,250,100,50,TRUE,20000,FALSE,1024,6067.347558
128,256,512,org.apache.coyote.http11.Http11NioProtocol,4096,200,25,500,10,100,TRUE,30000,FALSE,1024,6070.785357
128,256,512,org.apache.coyote.http11.Http11NioProtocol,8192,500,100,500,100,100,TRUE,20000,FALSE,1024,6076.6878
256,256,512,org.apache.coyote.http11.Http11Protocol,4096,200,25,250,100,200,FALSE,10000,FALSE,1024,6095.330976
128,256,512,org.apache.coyote.http11.Http11NioProtocol,4096,500,100,250,100,200,FALSE,30000,FALSE,1024,6101.033108
64,64,128,org.apache.coyote.http11.Http11AprProtocol,4096,200,100,500,10,200,TRUE,30000,TRUE,1024,6117.080929
128,256,512,org.apache.coyote.http11.Http11Protocol,16384,1000,100,250,50,50,TRUE,20000,FALSE,1024,6123.448726
64,64,128,org.apache.coyote.http11.Http11AprProtocol,16384,500,50,75,50,200,TRUE,30000,FALSE,1024,6125.4492
64,64,128,org.apache.coyote.http11.Http11AprProtocol,16384,1000,100,500,10,200,FALSE,10000,FALSE,2048,6126.57504
128,128,256,org.apache.coyote.http11.Http11Protocol,16384,200,25,500,50,100,TRUE,10000,TRUE,2048,6132.837255
128,128,256,org.apache.coyote.http11.Http11NioProtocol,4096,500,100,250,50,100,FALSE,20000,TRUE,2048,6132.96263
64,64,128,org.apache.coyote.http11.Http11AprProtocol,8192,1000,50,75,100,100,FALSE,10000,FALSE,2048,6141.37444
64,64,128,org.apache.coyote.http11.Http11Protocol,8192,500,50,75,100,200,FALSE,30000,TRUE,2048,6149.935426
128,256,512,org.apache.coyote.http11.Http11AprProtocol,16384,200,25,500,100,50,TRUE,10000,FALSE,1024,6154.351126
64,64,128,org.apache.coyote.http11.Http11AprProtocol,16384,200,100,250,10,50,TRUE,20000,FALSE,2048,6179.451265
64,128,256,org.apache.coyote.http11.Http11NioProtocol,16384,1000,100,250,100,50,TRUE,10000,TRUE,2048,6180.597046
64,64,128,org.apache.coyote.http11.Http11AprProtocol,8192,1000,100,500,50,50,FALSE,10000,TRUE,2048,6180.597046
64,64,128,org.apache.coyote.http11.Http11AprProtocol,16384,1000,25,250,50,200,TRUE,30000,FALSE,2048,6184.419386
128,128,256,org.apache.coyote.http11.Http11AprProtocol,16384,500,50,75,10,100,TRUE,20000,FALSE,2048,6189.906326
256,256,512,org.apache.coyote.http11.Http11AprProtocol,8192,200,25,250,100,50,TRUE,30000,TRUE,1024,6190.034045
64,128,256,org.apache.coyote.http11.Http11NioProtocol,16384,500,100,250,50,200,TRUE,20000,TRUE,1024,6206.040546
64,128,256,org.apache.coyote.http11.Http11AprProtocol,16384,500,100,250,10,100,TRUE,10000,FALSE,1024,6217.230017
64,256,512,org.apache.coyote.http11.Http11AprProtocol,8192,1000,25,250,100,50,TRUE,30000,FALSE,1024,6217.874316
128,256,512,org.apache.coyote.http11.Http11AprProtocol,16384,200,50,75,10,200,TRUE,10000,TRUE,2048,6218.776559
64,256,512,org.apache.coyote.http11.Http11AprProtocol,16384,200,25,500,100,200,TRUE,20000,FALSE,1024,6219.034391
64,128,256,org.apache.coyote.http11.Http11NioProtocol,16384,1000,25,500,100,100,FALSE,20000,TRUE,2048,6233.766234
128,256,512,org.apache.coyote.http11.Http11NioProtocol,4096,500,100,250,10,50,FALSE,20000,TRUE,1024,6248.437891
128,256,512,org.apache.coyote.http11.Http11AprProtocol,8192,200,50,75,50,50,TRUE,30000,FALSE,2048,6249.47921
128,256,512,org.apache.coyote.http11.Http11NioProtocol,16384,200,25,500,10,200,TRUE,20000,FALSE,2048,6251.172095
64,128,256,org.apache.coyote.http11.Http11AprProtocol,4096,1000,100,250,100,200,TRUE,10000,TRUE,1024,6254.299831
128,128,256,org.apache.coyote.http11.Http11NioProtocol,16384,200,50,75,50,100,TRUE,20000,TRUE,2048,6254.560617
64,64,128,org.apache.coyote.http11.Http11AprProtocol,16384,200,50,75,50,100,FALSE,20000,FALSE,1024,6261.871465
256,256,512,org.apache.coyote.http11.Http11NioProtocol,4096,200,100,250,100,100,TRUE,20000,FALSE,1024,6268.151522
256,256,512,org.apache.coyote.http11.Http11NioProtocol,8192,200,25,500,50,200,FALSE,20000,TRUE,2048,6286.672255
64,256,512,org.apache.coyote.http11.Http11AprProtocol,8192,500,50,75,10,100,TRUE,20000,TRUE,2048,6306.893435
128,256,512,org.apache.coyote.http11.Http11NioProtocol,16384,500,50,75,10,200,FALSE,10000,TRUE,2048,6307.689073
64,128,256,org.apache.coyote.http11.Http11Protocol,16384,1000,50,250,100,200,TRUE,20000,TRUE,1024,6307.821699
64,128,512,org.apache.coyote.http11.Http11Protocol,8192,500,100,500,100,100,FALSE,20000,FALSE,2048,6312.068675
64,64,128,org.apache.coyote.http11.Http11AprProtocol,8192,1000,25,500,50,50,FALSE,10000,FALSE,2048,6314.593024
128,256,512,org.apache.coyote.http11.Http11AprProtocol,16384,200,100,250,100,100,FALSE,10000,FALSE,2048,6319.647785
256,256,512,org.apache.coyote.http11.Http11AprProtocol,8192,500,50,75,10,100,TRUE,10000,TRUE,2048,6320.446645
128,128,256,org.apache.coyote.http11.Http11NioProtocol,16384,200,50,75,100,50,TRUE,10000,FALSE,1024,6341.958397
128,128,256,org.apache.coyote.http11.Http11AprProtocol,8192,500,25,500,10,200,TRUE,10000,TRUE,2048,6356.87496
64,64,128,org.apache.coyote.http11.Http11AprProtocol,16384,500,50,75,50,200,FALSE,10000,FALSE,2048,6357.413804
256,256,512,org.apache.coyote.http11.Http11NioProtocol,4096,1000,50,75,50,200,TRUE,10000,FALSE,2048,6359.839732
64,64,128,org.apache.coyote.http11.Http11NioProtocol,8192,1000,100,500,100,50,FALSE,30000,TRUE,2048,6367.398918
64,128,256,org.apache.coyote.http11.Http11Protocol,16384,500,25,250,10,100,FALSE,10000,TRUE,2048,6367.804381
128,128,256,org.apache.coyote.http11.Http11Protocol,4096,1000,100,250,10,200,TRUE,30000,TRUE,1024,6368.345079
128,128,256,org.apache.coyote.http11.Http11NioProtocol,8192,500,25,500,100,100,TRUE,10000,FALSE,1024,6380.806534
128,128,256,org.apache.coyote.http11.Http11AprProtocol,16384,1000,25,250,50,100,TRUE,20000,FALSE,1024,6382.978723
128,128,256,org.apache.coyote.http11.Http11Protocol,16384,1000,100,500,50,100,FALSE,20000,FALSE,1024,6400.136536
128,128,256,org.apache.coyote.http11.Http11Protocol,4096,500,25,500,100,200,FALSE,10000,FALSE,2048,6405.329234
64,64,128,org.apache.coyote.http11.Http11AprProtocol,8192,200,25,250,10,50,TRUE,30000,TRUE,1024,6411.763449
256,256,512,org.apache.coyote.http11.Http11Protocol,16384,1000,25,250,100,50,FALSE,20000,FALSE,1024,6415.465549
64,128,256,org.apache.coyote.http11.Http11Protocol,8192,1000,50,75,100,100,TRUE,30000,TRUE,1024,6420.133539
128,128,256,org.apache.coyote.http11.Http11NioProtocol,4096,200,25,250,10,100,TRUE,10000,TRUE,1024,6431.143886
128,128,256,org.apache.coyote.http11.Http11NioProtocol,8192,500,50,75,50,100,TRUE,10000,FALSE,2048,6435.006435
128,128,256,org.apache.coyote.http11.Http11NioProtocol,16384,200,50,75,100,200,FALSE,10000,TRUE,2048,6460.504781
128,128,256,org.apache.coyote.http11.Http11Protocol,8192,500,100,500,50,100,TRUE,30000,FALSE,2048,6461.757167
64,64,128,org.apache.coyote.http11.Http11Protocol,4096,1000,50,75,50,50,FALSE,30000,TRUE,1024,6465.238567
128,128,256,org.apache.coyote.http11.Http11AprProtocol,8192,200,50,75,100,50,TRUE,20000,TRUE,1024,6468.305304
128,256,512,org.apache.coyote.http11.Http11Protocol,8192,1000,100,250,50,100,FALSE,30000,TRUE,1024,6471.095772
128,256,512,org.apache.coyote.http11.Http11AprProtocol,8192,200,25,500,100,50,TRUE,20000,TRUE,1024,6480.461409
128,128,256,org.apache.coyote.http11.Http11NioProtocol,8192,1000,50,75,10,200,FALSE,10000,FALSE,2048,6495.193557
128,128,256,org.apache.coyote.http11.Http11NioProtocol,8192,200,50,75,10,200,FALSE,20000,FALSE,1024,6497.585064
128,256,512,org.apache.coyote.http11.Http11Protocol,4096,1000,50,75,100,100,FALSE,10000,FALSE,2048,6513.667846
64,128,256,org.apache.coyote.http11.Http11Protocol,4096,500,50,75,100,50,TRUE,20000,TRUE,1024,6528.267398
64,256,512,org.apache.coyote.http11.Http11AprProtocol,8192,500,25,500,100,50,TRUE,10000,FALSE,1024,6531.678641
256,128,512,org.apache.coyote.http11.Http11Protocol,4096,500,50,250,100,100,FALSE,20000,TRUE,2048,6539.937217
128,256,512,org.apache.coyote.http11.Http11Protocol,4096,1000,50,75,10,100,TRUE,20000,TRUE,1024,6541.933796
128,128,256,org.apache.coyote.http11.Http11AprProtocol,8192,1000,50,75,100,50,TRUE,20000,TRUE,1024,6563.689669
64,128,256,org.apache.coyote.http11.Http11NioProtocol,4096,1000,100,500,100,50,TRUE,30000,TRUE,1024,6580.82348
128,128,256,org.apache.coyote.http11.Http11NioProtocol,16384,1000,25,500,10,50,FALSE,30000,FALSE,1024,6584.145378
64,256,512,org.apache.coyote.http11.Http11Protocol,8192,1000,50,75,10,100,FALSE,20000,TRUE,2048,6584.723442
256,128,512,org.apache.coyote.http11.Http11AprProtocol,8192,500,100,250,100,50,TRUE,30000,FALSE,2048,6592.247517
64,128,256,org.apache.coyote.http11.Http11Protocol,16384,500,25,500,10,100,FALSE,30000,TRUE,1024,6592.247517
128,128,256,org.apache.coyote.http11.Http11Protocol,16384,500,50,75,100,100,TRUE,10000,FALSE,1024,6600.079201
64,128,512,org.apache.coyote.http11.Http11NioProtocol,8192,200,25,250,50,50,FALSE,20000,TRUE,1024,6601.386291
128,256,512,org.apache.coyote.http11.Http11Protocol,8192,1000,100,250,100,200,FALSE,20000,TRUE,1024,6611.278842
128,128,256,org.apache.coyote.http11.Http11AprProtocol,8192,1000,50,75,50,50,TRUE,30000,FALSE,2048,6629.101757
256,128,512,org.apache.coyote.http11.Http11Protocol,4096,500,100,250,10,50,TRUE,10000,FALSE,2048,6635.993629
64,256,512,org.apache.coyote.http11.Http11NioProtocol,4096,1000,50,500,10,200,FALSE,30000,FALSE,1024,6648.788812
256,128,512,org.apache.coyote.http11.Http11NioProtocol,8192,500,50,250,50,100,TRUE,30000,TRUE,2048,6651.147323
64,64,128,org.apache.coyote.http11.Http11AprProtocol,4096,500,50,75,100,100,FALSE,10000,FALSE,1024,6653.507507
128,128,256,org.apache.coyote.http11.Http11NioProtocol,4096,200,25,500,50,50,TRUE,30000,FALSE,2048,6653.802648
128,128,256,org.apache.coyote.http11.Http11AprProtocol,16384,1000,50,75,50,200,TRUE,30000,TRUE,2048,6653.950228
128,128,256,org.apache.coyote.http11.Http11Protocol,16384,1000,100,250,100,100,FALSE,30000,TRUE,1024,6711.109123
64,256,512,org.apache.coyote.http11.Http11NioProtocol,8192,1000,25,500,10,100,TRUE,10000,FALSE,2048,6734.7626
128,256,512,org.apache.coyote.http11.Http11Protocol,8192,500,50,75,50,200,TRUE,30000,TRUE,1024,6769.258541
64,128,256,org.apache.coyote.http11.Http11NioProtocol,16384,200,100,250,50,50,FALSE,30000,FALSE,1024,6771.856166
128,128,256,org.apache.coyote.http11.Http11NioProtocol,4096,200,50,250,100,100,FALSE,10000,TRUE,2048,6772.009029
256,256,512,org.apache.coyote.http11.Http11Protocol,4096,1000,100,500,100,50,TRUE,20000,FALSE,2048,6788.405404
64,64,128,org.apache.coyote.http11.Http11AprProtocol,4096,1000,50,75,50,100,FALSE,30000,FALSE,2048,6803.029616
256,128,512,org.apache.coyote.http11.Http11Protocol,4096,1000,25,500,10,50,TRUE,10000,FALSE,2048,6810.288075
128,128,256,org.apache.coyote.http11.Http11Protocol,8192,1000,25,250,100,100,TRUE,10000,FALSE,1024,6810.288075
128,128,256,org.apache.coyote.http11.Http11NioProtocol,16384,500,100,250,10,200,FALSE,30000,FALSE,1024,6820.972216
64,256,512,org.apache.coyote.http11.Http11NioProtocol,4096,1000,25,500,50,50,TRUE,30000,TRUE,1024,6832.467887
64,64,128,org.apache.coyote.http11.Http11AprProtocol,4096,1000,100,250,50,200,FALSE,30000,FALSE,2048,6837.762684
256,256,512,org.apache.coyote.http11.Http11NioProtocol,4096,500,50,250,50,50,FALSE,10000,FALSE,2048,6854.792643
256,128,512,org.apache.coyote.http11.Http11NioProtocol,8192,1000,25,250,10,100,TRUE,30000,FALSE,2048,6892.907198
128,128,256,org.apache.coyote.http11.Http11NioProtocol,4096,500,100,250,10,200,FALSE,30000,FALSE,2048,6895.125147
128,128,256,org.apache.coyote.http11.Http11NioProtocol,8192,1000,50,75,50,50,TRUE,10000,TRUE,1024,6921.692585
128,128,256,org.apache.coyote.http11.Http11NioProtocol,4096,1000,100,500,10,100,FALSE,30000,TRUE,1024,6938.341274
128,256,512,org.apache.coyote.http11.Http11Protocol,4096,1000,100,500,100,100,FALSE,30000,FALSE,1024,6939.14371
64,64,128,org.apache.coyote.http11.Http11NioProtocol,4096,200,25,250,10,50,FALSE,20000,TRUE,2048,6942.35531
256,256,512,org.apache.coyote.http11.Http11AprProtocol,4096,500,50,75,50,200,FALSE,10000,TRUE,1024,6943.8015
64,128,256,org.apache.coyote.http11.Http11AprProtocol,16384,500,100,250,100,50,TRUE,30000,TRUE,1024,6945.730691
128,256,512,org.apache.coyote.http11.Http11AprProtocol,8192,1000,50,75,100,100,TRUE,30000,FALSE,1024,6958.13522
64,256,512,org.apache.coyote.http11.Http11AprProtocol,8192,1000,100,250,10,100,FALSE,10000,FALSE,1024,6969.126768
64,64,128,org.apache.coyote.http11.Http11AprProtocol,8192,200,50,75,50,50,FALSE,10000,FALSE,1024,6981.127685
64,64,128,org.apache.coyote.http11.Http11AprProtocol,8192,1000,100,250,100,200,FALSE,30000,FALSE,1024,7021.157087
64,64,128,org.apache.coyote.http11.Http11AprProtocol,8192,200,25,500,10,100,FALSE,20000,TRUE,1024,7052.683546
128,128,256,org.apache.coyote.http11.Http11AprProtocol,4096,500,50,250,10,100,FALSE,10000,FALSE,2048,7062.313143
128,64,512,org.apache.coyote.http11.Http11Protocol,4096,1000,25,250,50,50,TRUE,30000,FALSE,2048,7128.599943
128,128,256,org.apache.coyote.http11.Http11Protocol,4096,1000,100,250,100,50,TRUE,20000,FALSE,1024,7135.721421
64,64,128,org.apache.coyote.http11.Http11AprProtocol,16384,500,50,75,10,50,FALSE,30000,FALSE,2048,7137.588922
128,256,512,org.apache.coyote.http11.Http11NioProtocol,4096,500,50,75,50,50,TRUE,30000,FALSE,1024,7146.260124
128,128,256,org.apache.coyote.http11.Http11AprProtocol,16384,200,100,250,50,200,FALSE,30000,FALSE,1024,7147.111376
128,128,256,org.apache.coyote.http11.Http11NioProtocol,4096,500,50,250,50,50,TRUE,30000,FALSE,2048,7164.863509
64,256,512,org.apache.coyote.http11.Http11Protocol,16384,500,50,75,100,50,FALSE,10000,FALSE,1024,7196.833393
128,128,256,org.apache.coyote.http11.Http11AprProtocol,8192,1000,25,500,50,100,FALSE,20000,FALSE,1024,7209.805335
256,128,512,org.apache.coyote.http11.Http11AprProtocol,16384,1000,25,500,100,100,FALSE,10000,FALSE,2048,7232.57552
128,128,256,org.apache.coyote.http11.Http11AprProtocol,8192,1000,25,250,100,50,TRUE,30000,FALSE,2048,7234.668532
64,64,128,org.apache.coyote.http11.Http11AprProtocol,4096,200,25,500,10,100,FALSE,20000,FALSE,1024,7281.730139
64,128,256,org.apache.coyote.http11.Http11AprProtocol,8192,200,50,75,100,50,FALSE,30000,FALSE,1024,7309.763407
256,256,512,org.apache.coyote.http11.Http11AprProtocol,4096,200,100,250,100,100,FALSE,30000,TRUE,1024,7334.604665
128,128,256,org.apache.coyote.http11.Http11AprProtocol,16384,200,50,75,10,200,FALSE,10000,TRUE,1024,7341.065923
128,128,256,org.apache.coyote.http11.Http11Protocol,4096,1000,100,500,10,50,TRUE,10000,FALSE,2048,7353.842383
128,256,512,org.apache.coyote.http11.Http11AprProtocol,8192,500,25,500,50,100,FALSE,10000,TRUE,1024,7368.834742
256,128,512,org.apache.coyote.http11.Http11NioProtocol,16384,500,100,500,10,100,TRUE,10000,TRUE,2048,7419.681943
256,256,512,org.apache.coyote.http11.Http11NioProtocol,4096,500,100,500,10,50,TRUE,30000,TRUE,1024,7431.813115
128,128,256,org.apache.coyote.http11.Http11NioProtocol,8192,1000,100,500,50,200,TRUE,30000,FALSE,1024,7451.379747
256,256,512,org.apache.coyote.http11.Http11AprProtocol,8192,1000,50,75,100,100,FALSE,10000,FALSE,1024,7470.491558
128,128,256,org.apache.coyote.http11.Http11AprProtocol,16384,500,100,250,50,200,FALSE,10000,TRUE,1024,7525.020694
128,256,512,org.apache.coyote.http11.Http11AprProtocol,4096,1000,50,75,50,50,FALSE,20000,TRUE,1024,7562.389715
64,64,128,org.apache.coyote.http11.Http11AprProtocol,4096,200,50,250,100,100,FALSE,30000,FALSE,1024,7622.725887
128,128,256,org.apache.coyote.http11.Http11NioProtocol,4096,1000,50,250,10,50,FALSE,30000,TRUE,1024,7695.662212
128,128,512,org.apache.coyote.http11.Http11AprProtocol,8192,500,50,75,50,100,FALSE,30000,FALSE,2048,7884.984361
64,128,256,org.apache.coyote.http11.Http11AprProtocol,16384,1000,25,250,50,50,FALSE,30000,FALSE,2048,8243.570015
